"ISO2","Country","1","2","3","4","5","6","7","8","9","10","11","12","13","14","15","16","17","18","19","20","21","22","23","24","25","26","27","28","29","30","31","32","33","34","35","36","37","38","39","40","41","42","43","44","45","46","47","48","49","50","51","52","53","54","55","56","57","58","59","60","61","62","63","64","65","66","67","68","69","70","71","72","73","74","75","76","77","78","79","80","81","82","83"
"AF","Afghanistan","Badakhshan","Badghis","Baghlan","Balkh","Bamyan","Daykundi","Farah","Faryab","Ghazni","Ghowr","Helmand","Herat","Jowzjan","Kabul","Kandahar","Kapisa","Khowst","Kunar","Kunduz","Laghman","Logar","Nangarhar","Nimroz","Nuristan","Oruzgan","Paktia","Paktika","Panjshir","Parwan","Samangan","Sar-e Pol","Takhar","Vardak","Zabul",,,,,,,,,,,,,,,,,,,,,,,,,,,,,,,,,,,,,,,,,,,,,,,,,
"AL","Albania","Berat","Diber","Durres","Elbasan","Fier","Gjirokaster","Korce","Kukes","Lezhe","Shkoder","Tirana","Vlore",,,,,,,,,,,,,,,,,,,,,,,,,,,,,,,,,,,,,,,,,,,,,,,,,,,,,,,,,,,,,,,,,,,,,,,
"DZ","Algeria","Adrar","Ain Defla","Ain Temouchent","Algiers","Annaba","Batna","Bechar","Bejaia","Biskra","Blida","Bordj Bou Arreridj","Bouira","Boumerdes","Chlef","Constantine","Djelfa","El Bayadh","El Oued","El Tarf","Ghardaia","Guelma","Illizi","Jijel","Khenchela","Laghouat","M'Sila","Mascara","Medea","Mila","Mostaganem","Naama","Oran","Ouargla","Oum el Bouaghi","Relizane","Saida","Setif","Sidi Bel Abbes","Skikda","Souk Ahras","Tamanrasset","Tebessa","Tiaret","Tindouf","Tipaza","Tissemsilt","Tizi Ouzou","Tlemcen",,,,,,,,,,,,,,,,,,,,,,,,,,,,,,,,,,,
"AD","Andorra","Andorra la Vella","Canillo","Encamp","Escaldes-Engordany","La Massana","Ordino","Sant Julia de Loria",,,,,,,,,,,,,,,,,,,,,,,,,,,,,,,,,,,,,,,,,,,,,,,,,,,,,,,,,,,,,,,,,,,,,,,,,,,,
"AO","Angola","Bengo","Benguela","Bie","Cabinda","Cuando Cobango","Cuanza Norte","Cunene","Huambo","Huila","Kwanza Sul","Luanda","Luanda Norte","Lunda Sul","Malanje","Moxico","Namibe","Uige","Zaire",,,,,,,,,,,,,,,,,,,,,,,,,,,,,,,,,,,,,,,,,,,,,,,,,,,,,,,,,,,,,,,,,
"AG","Antigua and Barbuda","Barbuda","Redonda","Saint George","Saint John","Saint Mary","Saint Paul","Saint Peter","Saint Philip",,,,,,,,,,,,,,,,,,,,,,,,,,,,,,,,,,,,,,,,,,,,,,,,,,,,,,,,,,,,,,,,,,,,,,,,,,,
"AR","Argentina","Buenos Aires","Buenos Aires F.D.","Catamarca","Chaco","Chubut","Cordoba","Corrientes","Entre Rios","Formosa","Jujuy","La Pampa","La Rioja","Mendoza","Misiones","Neuquen","Rio Negro","Salta","San Juan","San Luis","Santa Cruz","Santa Fe","Santiago del Estero","Tierra del Fuego","Tucuman",,,,,,,,,,,,,,,,,,,,,,,,,,,,,,,,,,,,,,,,,,,,,,,,,,,,,,,,,,,
"AM","Armenia","Aragatsotn","Ararat","Armavir","Gegharkunik","Kotayk","Lori","Shirak","Syunik","Tavush","Vayots Dzor","Yerevan",,,,,,,,,,,,,,,,,,,,,,,,,,,,,,,,,,,,,,,,,,,,,,,,,,,,,,,,,,,,,,,,,,,,,,,,
"AU","Australia","Australian Capital Territory","New South Wales","Northern Territory","Queensland","South Australia","Tasmania","Victoria","Western Australia",,,,,,,,,,,,,,,,,,,,,,,,,,,,,,,,,,,,,,,,,,,,,,,,,,,,,,,,,,,,,,,,,,,,,,,,,,,
"AT","Austria","Burgenland","Carinthia","Lower Austria","Salzburg","Styria","Tyrol","Upper Austria","Vienna","Vorarlberg",,,,,,,,,,,,,,,,,,,,,,,,,,,,,,,,,,,,,,,,,,,,,,,,,,,,,,,,,,,,,,,,,,,,,,,,,,
"AZ","Azerbaijan","Abseron","Agdam","Agdas","Aghjabadi Rayon","Agstafa","Agsu","Astara","Baki","Balakan Rayon","Barda","Beylaqan","Bilasuvar Rayon","Dashkasan Rayon","Fuezuli","Gadabay Rayon","Ganja City","Goeycay","Goranboy","Goygol Rayon","Haciqabul","Imisli","Ismayilli","Jabrayil","Jalilabad","Kalbajar","Khojavend","Kurdamir Rayon","Lacin","Lankaran","Lankaran Sahari","Lerik","Masally","Mingacevir City","Naftalan","Nakhichevan","Neftcala","Oguz","Qabala Rayon","Qakh Rayon","Qazax","Qobustan","Quba","Qubadli","Qusar","Saatli","Sabirabad","Salyan","Samaxi","Samux","Shabran","Shaki","Shaki City","Shamkir Rayon","Shirvan","Shusha","Shusha City","Siazan Rayon","Sumqayit","Tartar Rayon","Tovuz","Ucar","Xacmaz","Xankandi Sahari","Xizi","Xocali","Yardimli","Yevlax","Yevlax City","Zangilan Rayon","Zaqatala","Zardab",,,,,,,,,,,,
"BS","Bahamas","Acklins","Berry Islands","Bimini","Black Point","Cat Island","Central Abaco","Central Andros","Central Eleuthera","Crooked Island and Long Cay","East Grand Bahama","Exuma","Freeport","Grand Cay","Harbour Island","Hope Town","Inagua","Long Island","Mangrove Cay","Mayaguana","Moore's Island","New Providence","North Abaco","North Andros","North Eleuthera","Ragged Island","Rum Cay","San Salvador","South Abaco","South Andros","South Eleuthera","Spanish Wells","West Grand Bahama",,,,,,,,,,,,,,,,,,,,,,,,,,,,,,,,,,,,,,,,,,,,,,,,,,,
"BH","Bahrain","Manama","Muharraq","Northern","Southern Governorate",,,,,,,,,,,,,,,,,,,,,,,,,,,,,,,,,,,,,,,,,,,,,,,,,,,,,,,,,,,,,,,,,,,,,,,,,,,,,,,
"BD","Bangladesh","Barisal","Chittagong","Dhaka","Khulna","Mymensingh Division","Rajshahi Division","Rangpur Division","Sylhet",,,,,,,,,,,,,,,,,,,,,,,,,,,,,,,,,,,,,,,,,,,,,,,,,,,,,,,,,,,,,,,,,,,,,,,,,,,
"BB","Barbados","Christ Church","Saint Andrew","Saint George","Saint James","Saint John","Saint Joseph","Saint Lucy","Saint Michael","Saint Peter","Saint Philip","Saint Thomas",,,,,,,,,,,,,,,,,,,,,,,,,,,,,,,,,,,,,,,,,,,,,,,,,,,,,,,,,,,,,,,,,,,,,,,,
"BY","Belarus","Brest","Gomel Oblast","Grodnenskaya","Minsk","Minsk City","Mogilev","Vitebsk",,,,,,,,,,,,,,,,,,,,,,,,,,,,,,,,,,,,,,,,,,,,,,,,,,,,,,,,,,,,,,,,,,,,,,,,,,,,
"BE","Belgium","Brussels Capital","Flanders","Wallonia",,,,,,,,,,,,,,,,,,,,,,,,,,,,,,,,,,,,,,,,,,,,,,,,,,,,,,,,,,,,,,,,,,,,,,,,,,,,,,,,
"BZ","Belize","Belize","Cayo","Corozal","Orange Walk","Stann Creek","Toledo",,,,,,,,,,,,,,,,,,,,,,,,,,,,,,,,,,,,,,,,,,,,,,,,,,,,,,,,,,,,,,,,,,,,,,,,,,,,,
"BJ","Benin","Alibori","Atakora","Atlantique","Borgou","Collines","Donga","Kouffo","Littoral","Mono","Oueme","Plateau","Zou",,,,,,,,,,,,,,,,,,,,,,,,,,,,,,,,,,,,,,,,,,,,,,,,,,,,,,,,,,,,,,,,,,,,,,,
"BT","Bhutan","Bumthang","Chirang","Chukha","Dagana","Gasa","Geylegphug","Haa","Lhuntse","Mongar","Paro","Pemagatshel","Punakha","Samchi","Samdrup Jongkhar","Shemgang","Tashigang","Thimphu","Tongsa","Trashi Yangste","Wangdi Phodrang",,,,,,,,,,,,,,,,,,,,,,,,,,,,,,,,,,,,,,,,,,,,,,,,,,,,,,,,,,,,,,,
"BO","Bolivia","Chuquisaca","Cochabamba","El Beni","La Paz","Oruro","Pando","Potosi","Santa Cruz","Tarija",,,,,,,,,,,,,,,,,,,,,,,,,,,,,,,,,,,,,,,,,,,,,,,,,,,,,,,,,,,,,,,,,,,,,,,,,,
"BA","Bosnia and Herzegovina","Brcko","Federation of B&H","Srpska",,,,,,,,,,,,,,,,,,,,,,,,,,,,,,,,,,,,,,,,,,,,,,,,,,,,,,,,,,,,,,,,,,,,,,,,,,,,,,,,
"BW","Botswana","Central","Chobe","City of Francistown","Gaborone","Ghanzi","Jwaneng","Kgalagadi","Kgatleng","Kweneng","Lobatse","Ngwaketsi","North-East","North-West","Selibe Phikwe","South-East","Sowa Town",,,,,,,,,,,,,,,,,,,,,,,,,,,,,,,,,,,,,,,,,,,,,,,,,,,,,,,,,,,,,,,,,,,
"BR","Brazil","Acre","Alagoas","Amapa","Amazonas","Bahia","Ceara","Espirito Santo","Federal District","Goias","Maranhao","Mato Grosso","Mato Grosso do Sul","Minas Gerais","Para","Paraiba","Parana","Pernambuco","Piaui","Rio de Janeiro","Rio Grande do Norte","Rio Grande do Sul","Rondonia","Roraima","Santa Catarina","Sao Paulo","Sergipe","Tocantins",,,,,,,,,,,,,,,,,,,,,,,,,,,,,,,,,,,,,,,,,,,,,,,,,,,,,,,,
"BN","Brunei","Belait","Brunei-Muara District","Temburong","Tutong",,,,,,,,,,,,,,,,,,,,,,,,,,,,,,,,,,,,,,,,,,,,,,,,,,,,,,,,,,,,,,,,,,,,,,,,,,,,,,,
"BG","Bulgaria","Blagoevgrad","Burgas","Dobrich","Gabrovo","Haskovo","Kardzhali","Kyustendil","Lovech","Montana","Pazardzhik","Pernik","Pleven","Plovdiv","Razgrad","Ruse","Shumen","Silistra","Sliven","Smolyan","Sofia","Sofia-Capital","Stara Zagora","Targovishte","Varna","Veliko Tarnovo","Vidin","Vratsa","Yambol",,,,,,,,,,,,,,,,,,,,,,,,,,,,,,,,,,,,,,,,,,,,,,,,,,,,,,,
"BF","Burkina Faso","Boucle du Mouhoun","Cascades","Centre","Centre-Est","Centre-Nord","Centre-Ouest","Centre-Sud","Est","Hauts-Bassins","Nord","Plateau-Central","Sahel","Sud-Ouest",,,,,,,,,,,,,,,,,,,,,,,,,,,,,,,,,,,,,,,,,,,,,,,,,,,,,,,,,,,,,,,,,,,,,,
"BI","Burundi","Bubanza","Bujumbura Mairie","Bujumbura Rural","Bururi","Cankuzo","Cibitoke","Gitega","Karuzi","Kayanza","Kirundo","Makamba","Muramvya","Muyinga","Mwaro","Ngozi","Rumonge","Rutana","Ruyigi",,,,,,,,,,,,,,,,,,,,,,,,,,,,,,,,,,,,,,,,,,,,,,,,,,,,,,,,,,,,,,,,,
"CV","Cabo Verde","Boa Vista","Brava","Maio","Mosteiros","Paul","Porto Novo","Praia","Ribeira Brava","Ribeira Grande","Ribeira Grande de Santiago","Sal","Santa Catarina","Santa Catarina do Fogo","Santa Cruz","Sao Domingos","Sao Filipe","Sao Lourenco dos Orgaos","Sao Miguel","Sao Salvador do Mundo","Sao Vicente","Tarrafal","Tarrafal de Sao Nicolau",,,,,,,,,,,,,,,,,,,,,,,,,,,,,,,,,,,,,,,,,,,,,,,,,,,,,,,,,,,,,
"KH","Cambodia","Banteay Meanchey","Battambang","Kampong Cham","Kampong Chhnang","Kampong Speu","Kampong Thom","Kampot","Kandal","Kep","Koh Kong","Kratie","Mondolkiri","Otar Meanchey","Pailin","Phnom Penh","Preah Sihanouk","Preah Vihear","Prey Veng","Pursat","Ratanakiri","Siem Reap","Stung Treng","Svay Rieng","Takeo","Tboung Khmum",,,,,,,,,,,,,,,,,,,,,,,,,,,,,,,,,,,,,,,,,,,,,,,,,,,,,,,,,,
"CM","Cameroon","Adamaoua","Centre","East","Far North","Littoral","North","North-West","South","South-West","West",,,,,,,,,,,,,,,,,,,,,,,,,,,,,,,,,,,,,,,,,,,,,,,,,,,,,,,,,,,,,,,,,,,,,,,,,
"CA","Canada","Alberta","British Columbia","Manitoba","New Brunswick","Newfoundland and Labrador","Northwest Territories","Nova Scotia","Nunavut","Ontario","Prince Edward Island","Quebec","Saskatchewan","Yukon",,,,,,,,,,,,,,,,,,,,,,,,,,,,,,,,,,,,,,,,,,,,,,,,,,,,,,,,,,,,,,,,,,,,,,
"CF","Central African Republic","Bamingui-Bangoran","Bangui","Basse-Kotto","Haut-Mbomou","Haute-Kotto","Kemo","Lobaye","Mambere-Kadei","Mbomou","Nana-Grebizi","Nana-Mambere","Ombella-M'Poko","Ouaka","Ouham","Ouham-Pende","Sangha-Mbaere","Vakaga",,,,,,,,,,,,,,,,,,,,,,,,,,,,,,,,,,,,,,,,,,,,,,,,,,,,,,,,,,,,,,,,,,
"TD","Chad","Barh el Gazel","Batha","Borkou","Chari-Baguirmi","Ennedi-Est","Ennedi-Ouest","Guera","Hadjer-Lamis","Kanem","Lac","Logone Occidental","Logone Oriental","Mandoul","Mayo-Kebbi Est","Mayo-Kebbi Ouest","Moyen-Chari","N'Djamena","Ouadai","Salamat","Sila","Tandjile","Tibesti","Wadi Fira",,,,,,,,,,,,,,,,,,,,,,,,,,,,,,,,,,,,,,,,,,,,,,,,,,,,,,,,,,,,
"CL","Chile","Antofagasta","Araucania","Arica y Parinacota","Atacama","Aysen","Biobio","Coquimbo Region","Los Lagos Region","Los Rios Region","Maule Region","Nuble","O'Higgins Region","Region of Magallanes","Santiago Metropolitan","Tarapaca","Valparaiso",,,,,,,,,,,,,,,,,,,,,,,,,,,,,,,,,,,,,,,,,,,,,,,,,,,,,,,,,,,,,,,,,,,
"CN","China","Anhui","Beijing","Chongqing","Fujian","Gansu","Guangdong","Guangxi","Guizhou","Hainan","Hebei","Heilongjiang","Henan","Hubei","Hunan","Inner Mongolia","Jiangsu","Jiangxi","Jilin","Liaoning","Ningxia Hui Autonomous Region","Qinghai","Shaanxi","Shandong","Shanghai","Shanxi","Sichuan","Tianjin","Tibet","Xinjiang","Yunnan","Zhejiang",,,,,,,,,,,,,,,,,,,,,,,,,,,,,,,,,,,,,,,,,,,,,,,,,,,,
"CO","Colombia","Amazonas","Antioquia","Arauca","Atlantico","Bogota D.C.","Bolivar","Boyaca","Caldas","Caqueta","Casanare","Cauca","Cesar","Choco","Cordoba","Cundinamarca","Guainia","Guaviare","Huila","La Guajira","Magdalena","Meta","Narino","Norte de Santander","Putumayo","Quindio","Risaralda","San Andres y Providencia","Santander","Sucre","Tolima","Valle del Cauca","Vaupes","Vichada",,,,,,,,,,,,,,,,,,,,,,,,,,,,,,,,,,,,,,,,,,,,,,,,,,
"KM","Comoros","Anjouan","Grande Comore","Moheli",,,,,,,,,,,,,,,,,,,,,,,,,,,,,,,,,,,,,,,,,,,,,,,,,,,,,,,,,,,,,,,,,,,,,,,,,,,,,,,,
"CR","Costa Rica","Alajuela","Cartago","Guanacaste","Heredia","Limon","Puntarenas","San Jose",,,,,,,,,,,,,,,,,,,,,,,,,,,,,,,,,,,,,,,,,,,,,,,,,,,,,,,,,,,,,,,,,,,,,,,,,,,,
"HR","Croatia","Bjelovarsko-Bilogorska","City of Zagreb","Dubrovacko-Neretvanska","Istria","Karlovacka","Koprivnicko-Krizevacka","Krapinsko-Zagorska","Licko-Senjska","Medimurska","Osjecko-Baranjska","Pozesko-Slavonska","Primorsko-Goranska","Sibensko-Kniniska","Sisacko-Moslavacka","Slavonski Brod-Posavina","Split-Dalmatia","Varazdinska","Virovitick-Podravska","Vukovar-Sirmium","Zadarska","Zagrebacka",,,,,,,,,,,,,,,,,,,,,,,,,,,,,,,,,,,,,,,,,,,,,,,,,,,,,,,,,,,,,,
"CU","Cuba","Artemisa","Camaguey","Ciego de Avila","Cienfuegos","Granma","Guantanamo","Havana","Holguin","Isla de la Juventud","Las Tunas","Matanzas","Mayabeque","Pinar del Rio","Sancti Spiritus","Santiago de Cuba","Villa Clara",,,,,,,,,,,,,,,,,,,,,,,,,,,,,,,,,,,,,,,,,,,,,,,,,,,,,,,,,,,,,,,,,,,
"CY","Cyprus","Ammochostos","Keryneia","Larnaka","Limassol","Nicosia","Pafos",,,,,,,,,,,,,,,,,,,,,,,,,,,,,,,,,,,,,,,,,,,,,,,,,,,,,,,,,,,,,,,,,,,,,,,,,,,,,
"CZ","Czechia","Central Bohemia","Hlavni mesto Praha","Jihocesky kraj","Karlovarsky kraj","Kralovehradecky kraj","Liberecky kraj","Moravskoslezsky","Olomoucky","Pardubicky","Plzensky kraj","South Moravian","Ustecky kraj","Vysocina","Zlin",,,,,,,,,,,,,,,,,,,,,,,,,,,,,,,,,,,,,,,,,,,,,,,,,,,,,,,,,,,,,,,,,,,,,
"CD","Democratic Republic of the Congo","Bas-Congo","Bas-Uele","Equateur","Haut-Katanga","Haut-Lomami","Haut-Uele","Ituri","Kasai","Kasai-Central","Kasai-Oriental","Kinshasa","Kwango","Kwilu","Lomami","Lualaba","Mai-Ndombe","Maniema","Mongala","Nord Kivu","Nord-Ubangi","Sankuru","South Kivu","Sud-Ubangi","Tanganyika","Tshopo","Tshuapa",,,,,,,,,,,,,,,,,,,,,,,,,,,,,,,,,,,,,,,,,,,,,,,,,,,,,,,,,
"DK","Denmark","Capital Region","Central Jutland","North Denmark","South Denmark","Zealand",,,,,,,,,,,,,,,,,,,,,,,,,,,,,,,,,,,,,,,,,,,,,,,,,,,,,,,,,,,,,,,,,,,,,,,,,,,,,,
"DJ","Djibouti","Ali Sabieh","Arta","Dikhil","Djibouti","Obock","Tadjourah",,,,,,,,,,,,,,,,,,,,,,,,,,,,,,,,,,,,,,,,,,,,,,,,,,,,,,,,,,,,,,,,,,,,,,,,,,,,,
"DM","Dominica","Saint Andrew","Saint David","Saint George","Saint John","Saint Joseph","Saint Luke","Saint Mark","Saint Patrick","Saint Paul","Saint Peter",,,,,,,,,,,,,,,,,,,,,,,,,,,,,,,,,,,,,,,,,,,,,,,,,,,,,,,,,,,,,,,,,,,,,,,,,
"DO","Dominican Republic","Azua","Baoruco","Barahona","Dajabon","Duarte","El Seibo","Elias Pina","Espaillat","Hato Mayor","Hermanas Mirabal","Independencia","La Altagracia","La Romana","La Vega","Maria Trinidad Sanchez","Monsenor Nouel","Monte Cristi","Monte Plata","Nacional","Pedernales","Peravia","Puerto Plata","Samana","San Cristobal","San Jose de Ocoa","San Juan","San Pedro de Macoris","Sanchez Ramirez","Santiago","Santiago Rodriguez","Santo Domingo","Valverde",,,,,,,,,,,,,,,,,,,,,,,,,,,,,,,,,,,,,,,,,,,,,,,,,,,
"EC","Ecuador","Azuay","Bolivar","Canar","Carchi","Chimborazo","Cotopaxi","El Oro","Esmeraldas","Galapagos","Guayas","Imbabura","Loja","Los Rios","Manabi","Morona-Santiago","Napo","Orellana","Pastaza","Pichincha","Santa Elena","Santo Domingo de los Tsachilas","Sucumbios","Tungurahua","Zamora-Chinchipe",,,,,,,,,,,,,,,,,,,,,,,,,,,,,,,,,,,,,,,,,,,,,,,,,,,,,,,,,,,
"EG","Egypt","Alexandria","Aswan","Asyut","Beheira","Beni Suweif","Cairo","Dakahlia","Damietta","Faiyum","Gharbia","Giza","Ismailia","Kafr el-Sheikh","Luxor","Matruh","Minya","Monufia","New Valley","North Sinai","Port Said","Qalyubia","Qena","Red Sea","Sharqia","Sohag","South Sinai","Suez",,,,,,,,,,,,,,,,,,,,,,,,,,,,,,,,,,,,,,,,,,,,,,,,,,,,,,,,
"SV","El Salvador","Ahuachapan","Cabanas","Chalatenango","Cuscatlan","La Libertad","La Paz","La Union","Morazan","San Miguel","San Salvador","San Vicente","Santa Ana","Sonsonate","Usulutan",,,,,,,,,,,,,,,,,,,,,,,,,,,,,,,,,,,,,,,,,,,,,,,,,,,,,,,,,,,,,,,,,,,,,
"GQ","Equatorial Guinea","Annobon","Bioko Norte","Bioko Sur","Centro Sur","Kie-Ntem","Litoral","Wele-Nzas",,,,,,,,,,,,,,,,,,,,,,,,,,,,,,,,,,,,,,,,,,,,,,,,,,,,,,,,,,,,,,,,,,,,,,,,,,,,
"ER","Eritrea","Anseba","Debub","Gash-Barka","Maekel","Northern Red Sea","Southern Red Sea",,,,,,,,,,,,,,,,,,,,,,,,,,,,,,,,,,,,,,,,,,,,,,,,,,,,,,,,,,,,,,,,,,,,,,,,,,,,,
"EE","Estonia","Harjumaa","Hiiumaa","Ida-Virumaa","Jaervamaa","Jogevamaa","Laeaene","Laeaene-Virumaa","Paernumaa","Polvamaa","Raplamaa","Saare","Tartu","Valgamaa","Viljandimaa","Vorumaa",,,,,,,,,,,,,,,,,,,,,,,,,,,,,,,,,,,,,,,,,,,,,,,,,,,,,,,,,,,,,,,,,,,,
"SZ","Eswatini","Hhohho","Lubombo","Manzini","Shiselweni",,,,,,,,,,,,,,,,,,,,,,,,,,,,,,,,,,,,,,,,,,,,,,,,,,,,,,,,,,,,,,,,,,,,,,,,,,,,,,,
"ET","Ethiopia","Addis Ababa","Afar","Amhara","Binshangul Gumuz","Dire Dawa","Gambela","Harari","Oromiya","SNNPR","Somali","Tigray",,,,,,,,,,,,,,,,,,,,,,,,,,,,,,,,,,,,,,,,,,,,,,,,,,,,,,,,,,,,,,,,,,,,,,,,
"FJ","Fiji","Central","Eastern","Northern","Rotuma","Western",,,,,,,,,,,,,,,,,,,,,,,,,,,,,,,,,,,,,,,,,,,,,,,,,,,,,,,,,,,,,,,,,,,,,,,,,,,,,,
"FI","Finland","Central Finland","Central Ostrobothnia","Kainuu","Kanta-Hame","Kymenlaakso","Lapland","North Karelia","Northern Ostrobothnia","Northern Savonia","Ostrobothnia","Paijat-Hame","Pirkanmaa","Satakunta","South Karelia","South Savo","Southern Ostrobothnia","Southwest Finland","Uusimaa",,,,,,,,,,,,,,,,,,,,,,,,,,,,,,,,,,,,,,,,,,,,,,,,,,,,,,,,,,,,,,,,,
"FR","France","Auvergne-Rhone-Alpes","Bourgogne-Franche-Comte","Brittany","Centre","Corsica","Grand Est","Hauts-de-France","Ile-de-France","Normandy","Nouvelle-Aquitaine","Occitanie","Pays de la Loire","Provence-Alpes-Cote d'Azur",,,,,,,,,,,,,,,,,,,,,,,,,,,,,,,,,,,,,,,,,,,,,,,,,,,,,,,,,,,,,,,,,,,,,,
"GA","Gabon","Estuaire","Haut-Ogooue","Moyen-Ogooue","Ngouni","Nyanga","Ogooue-Ivindo","Ogooue-Lolo","Ogooue-Maritime","Woleu-Ntem",,,,,,,,,,,,,,,,,,,,,,,,,,,,,,,,,,,,,,,,,,,,,,,,,,,,,,,,,,,,,,,,,,,,,,,,,,
"GM","Gambia","Banjul","Central River","Lower River","North Bank","Upper River","Western",,,,,,,,,,,,,,,,,,,,,,,,,,,,,,,,,,,,,,,,,,,,,,,,,,,,,,,,,,,,,,,,,,,,,,,,,,,,,
"GE","Georgia","Abkhazia","Ajaria","Guria","Imereti","Kakheti","Kvemo Kartli","Mtskheta-Mtianeti","Racha-Lechkhumi and Kvemo Svaneti","Samegrelo and Zemo Svaneti","Samtskhe-Javakheti","Shida Kartli","T'bilisi",,,,,,,,,,,,,,,,,,,,,,,,,,,,,,,,,,,,,,,,,,,,,,,,,,,,,,,,,,,,,,,,,,,,,,,
"DE","Germany","Baden-Wuerttemberg","Bavaria","Berlin","Brandenburg","Bremen","Hamburg","Hesse","Lower Saxony","Mecklenburg-Vorpommern","North Rhine-Westphalia","Rheinland-Pfalz","Saarland","Saxony","Saxony-Anhalt","Schleswig-Holstein","Thuringia",,,,,,,,,,,,,,,,,,,,,,,,,,,,,,,,,,,,,,,,,,,,,,,,,,,,,,,,,,,,,,,,,,,
"GH","Ghana","Ahafo","Ashanti","Bono","Bono East","Central","Eastern","Greater Accra","North East","Northern","Oti","Savannah","Upper East","Upper West","Volta","Western","Western North",,,,,,,,,,,,,,,,,,,,,,,,,,,,,,,,,,,,,,,,,,,,,,,,,,,,,,,,,,,,,,,,,,,
"GR","Greece","Attica","Central Greece","Central Macedonia","Crete","East Macedonia and Thrace","Epirus","Ionian Islands","Mount Athos","North Aegean","Peloponnese","South Aegean","Thessaly","West Greece","West Macedonia",,,,,,,,,,,,,,,,,,,,,,,,,,,,,,,,,,,,,,,,,,,,,,,,,,,,,,,,,,,,,,,,,,,,,
"GD","Grenada","Carriacou and Petite Martinique","Saint Andrew","Saint David","Saint George","Saint John","Saint Mark","Saint Patrick",,,,,,,,,,,,,,,,,,,,,,,,,,,,,,,,,,,,,,,,,,,,,,,,,,,,,,,,,,,,,,,,,,,,,,,,,,,,
"GT","Guatemala","Alta Verapaz","Baja Verapaz","Chimaltenango","Chiquimula","El Progreso","Escuintla","Guatemala","Huehuetenango","Izabal","Jalapa","Jutiapa","Peten","Quetzaltenango","Quiche","Retalhuleu","Sacatepequez","San Marcos","Santa Rosa","Solola","Suchitepeque","Totonicapan","Zacapa",,,,,,,,,,,,,,,,,,,,,,,,,,,,,,,,,,,,,,,,,,,,,,,,,,,,,,,,,,,,,
"GN","Guinea","Boke","Conakry","Faranah","Kankan","Kindia","Labe","Mamou","Nzerekore",,,,,,,,,,,,,,,,,,,,,,,,,,,,,,,,,,,,,,,,,,,,,,,,,,,,,,,,,,,,,,,,,,,,,,,,,,,
"GW","Guinea-Bissau","Bafata","Biombo","Bissau","Bolama","Cacheu","Gabu","Oio","Quinara","Tombali",,,,,,,,,,,,,,,,,,,,,,,,,,,,,,,,,,,,,,,,,,,,,,,,,,,,,,,,,,,,,,,,,,,,,,,,,,
"GY","Guyana","Barima-Waini","Cuyuni-Mazaruni","Demerara-Mahaica","East Berbice-Corentyne","Essequibo Islands-West Demerara","Mahaica-Berbice","Pomeroon-Supenaam","Potaro-Siparuni","Upper Demerara-Berbice","Upper Takutu-Upper Essequibo",,,,,,,,,,,,,,,,,,,,,,,,,,,,,,,,,,,,,,,,,,,,,,,,,,,,,,,,,,,,,,,,,,,,,,,,,
"HT","Haiti","Artibonite","Centre","Grandans","Nippes","Nord","Nord-Est","Nord-Ouest","Ouest","Sud","Sud-Est",,,,,,,,,,,,,,,,,,,,,,,,,,,,,,,,,,,,,,,,,,,,,,,,,,,,,,,,,,,,,,,,,,,,,,,,,
"HN","Honduras","Atlantida","Bay Islands","Choluteca","Colon","Comayagua","Copan","Cortes","El Paraiso","Francisco Morazan","Gracias a Dios","Intibuca","La Paz","Lempira","Ocotepeque","Olancho","Santa Barbara","Valle","Yoro",,,,,,,,,,,,,,,,,,,,,,,,,,,,,,,,,,,,,,,,,,,,,,,,,,,,,,,,,,,,,,,,,
,"Hong Kong",,,,,,,,,,,,,,,,,,,,,,,,,,,,,,,,,,,,,,,,,,,,,,,,,,,,,,,,,,,,,,,,,,,,,,,,,,,,,,,,,,,
"HU","Hungary","Bacs-Kiskun","Baranya","Bekes","Borsod-Abauj-Zemplen","Budapest","Csongrad","Fejer","Gyor-Moson-Sopron","Hajdu-Bihar","Heves","Jasz-Nagykun-Szolnok","Komarom-Esztergom","Nograd","Pest","Somogy","Szabolcs-Szatmar-Bereg","Tolna","Vas","Veszprem","Zala",,,,,,,,,,,,,,,,,,,,,,,,,,,,,,,,,,,,,,,,,,,,,,,,,,,,,,,,,,,,,,,
"IS","Iceland","Capital Region","East","Northeast","Northwest","South","Southern Peninsula","West","Westfjords",,,,,,,,,,,,,,,,,,,,,,,,,,,,,,,,,,,,,,,,,,,,,,,,,,,,,,,,,,,,,,,,,,,,,,,,,,,
"IN","India","Andaman and Nicobar","Andhra Pradesh","Arunachal Pradesh","Assam","Bihar","Chandigarh","Chhattisgarh","Dadra and Nagar Haveli","Daman and Diu","Delhi","Goa","Gujarat","Haryana","Himachal Pradesh","Jammu and Kashmir","Jharkhand","Karnataka","Kerala","Laccadives","Ladakh","Madhya Pradesh","Maharashtra","Manipur","Meghalaya","Mizoram","Nagaland","Odisha","Puducherry","Punjab","Rajasthan","Sikkim","Tamil Nadu","Telangana","Tripura","Uttar Pradesh","Uttarakhand","West Bengal",,,,,,,,,,,,,,,,,,,,,,,,,,,,,,,,,,,,,,,,,,,,,,
"ID","Indonesia","Aceh","Bali","Bangka-Belitung Islands","Banten","Bengkulu","Central Java","Central Kalimantan","Central Sulawesi","East Java","East Kalimantan","East Nusa Tenggara","Gorontalo","Jakarta","Jambi","Lampung","Maluku","North Kalimantan","North Maluku","North Sulawesi","North Sumatra","Papua","Riau","Riau Islands","South Kalimantan","South Sulawesi","South Sumatra","Southeast Sulawesi","West Java","West Kalimantan","West Nusa Tenggara","West Papua","West Sulawesi","West Sumatra","Yogyakarta",,,,,,,,,,,,,,,,,,,,,,,,,,,,,,,,,,,,,,,,,,,,,,,,,
"IR","Iran","Alborz","Ardabil","Bushehr","Chaharmahal and Bakhtiari","East Azerbaijan","Fars","Gilan","Golestan","Hamadan","Hormozgan","Ilam Province","Isfahan","Kerman","Kermanshah","Khorasan-e Jonubi","Khuzestan","Kohgiluyeh and Boyer-Ahmad","Kordestan","Lorestan","Markazi","Mazandaran","North Khorasan","Qazvin","Qom","Razavi Khorasan","Semnan","Sistan and Baluchestan","Tehran","West Azerbaijan","Yazd","Zanjan",,,,,,,,,,,,,,,,,,,,,,,,,,,,,,,,,,,,,,,,,,,,,,,,,,,,
"IQ","Iraq","Al Anbar","Al Muthanna","Al Qadisiyah","An Najaf","Arbil","Babil","Baghdad","Basra","Dahuk","Dhi Qar","Diyala","Kirkuk","Maysan","Muhafazat Karbala'","Nineveh","Salah ad Din","Sulaymaniyah","Wasit",,,,,,,,,,,,,,,,,,,,,,,,,,,,,,,,,,,,,,,,,,,,,,,,,,,,,,,,,,,,,,,,,
"IE","Ireland","Connaught","Leinster","Munster","Ulster",,,,,,,,,,,,,,,,,,,,,,,,,,,,,,,,,,,,,,,,,,,,,,,,,,,,,,,,,,,,,,,,,,,,,,,,,,,,,,,
"IL","Israel","Central District","Haifa","Jerusalem","Judea and Samaria Area","Northern District","Southern District","Tel Aviv",,,,,,,,,,,,,,,,,,,,,,,,,,,,,,,,,,,,,,,,,,,,,,,,,,,,,,,,,,,,,,,,,,,,,,,,,,,,
"IT","Italy","Abruzzo","Aosta Valley","Apulia","Basilicate","Calabria","Campania","Emilia-Romagna","Friuli Venezia Giulia","Latium","Liguria","Lombardy","Molise","Piedmont","Sardinia","Sicily","The Marches","Trentino-Alto Adige","Tuscany","Umbria","Veneto",,,,,,,,,,,,,,,,,,,,,,,,,,,,,,,,,,,,,,,,,,,,,,,,,,,,,,,,,,,,,,,
"CI","Ivory Coast","Abidjan","Bas-Sassandra","Comoe","Denguele","Goh-Djiboua","Lacs","Lagunes","Montagnes","Sassandra-Marahoue","Savanes","Vallee du Bandama","Woroba","Yamoussoukro","Zanzan",,,,,,,,,,,,,,,,,,,,,,,,,,,,,,,,,,,,,,,,,,,,,,,,,,,,,,,,,,,,,,,,,,,,,
"JM","Jamaica","Clarendon","Hanover","Kingston","Manchester","Portland","Saint Catherine","St Ann","St. Andrew","St. Elizabeth","St. James","St. Mary","St. Thomas","Trelawny","Westmoreland",,,,,,,,,,,,,,,,,,,,,,,,,,,,,,,,,,,,,,,,,,,,,,,,,,,,,,,,,,,,,,,,,,,,,
"JP","Japan","Aichi","Akita","Aomori","Chiba","Ehime","Fukui","Fukuoka","Fukushima","Gifu","Gunma","Hiroshima","Hokkaido","Hyogo","Ibaraki","Ishikawa","Iwate","Kagawa","Kagoshima","Kanagawa","Kochi","Kumamoto","Kyoto","Mie","Miyagi","Miyazaki","Nagano","Nagasaki","Nara","Niigata","Oita","Okayama","Okinawa","Osaka","Saga","Saitama","Shiga","Shimane","Shizuoka","Tochigi","Tokushima","Tokyo","Tottori","Toyama","Wakayama","Yamagata","Yamaguchi","Yamanashi",,,,,,,,,,,,,,,,,,,,,,,,,,,,,,,,,,,,
"JO","Jordan","Ajlun","Amman","Aqaba","Balqa","Irbid","Jerash","Karak","Ma'an","Madaba","Mafraq","Tafielah","Zarqa",,,,,,,,,,,,,,,,,,,,,,,,,,,,,,,,,,,,,,,,,,,,,,,,,,,,,,,,,,,,,,,,,,,,,,,
"KZ","Kazakhstan","Almaty","Almaty Oblysy","Aqmola","Aqtoebe","Atyrau","Baikonur","Batys Qazaqstan","East Kazakhstan","Karaganda","Mangghystau","Nur-Sultan","Pavlodar Region","Qostanay","Qyzylorda","Shymkent","Soltustik Qazaqstan","South Kazakhstan","Zhambyl",,,,,,,,,,,,,,,,,,,,,,,,,,,,,,,,,,,,,,,,,,,,,,,,,,,,,,,,,,,,,,,,,
"KE","Kenya","Baringo","Bomet","Bungoma","Busia","Embu","Garissa","Homa Bay","Isiolo","Kajiado","Kakamega","Kericho","Kiambu","Kilifi","Kirinyaga","Kisii","Kisumu","Kitui","Kwale","Laikipia","Lamu","Machakos","Makueni","Mandera","Marakwet District","Marsabit","Meru","Migori","Mombasa","Murang'a District","Nairobi Area","Nakuru","Nandi","Narok","Nyamira District","Nyandarua","Nyeri","Samburu","Siaya","Taita Taveta","Tana River","Tharaka District","Trans Nzoia","Turkana","Uasin Gishu","Vihiga","Wajir","West Pokot",,,,,,,,,,,,,,,,,,,,,,,,,,,,,,,,,,,,
"KI","Kiribati","Gilbert Islands","Line Islands","Phoenix Islands",,,,,,,,,,,,,,,,,,,,,,,,,,,,,,,,,,,,,,,,,,,,,,,,,,,,,,,,,,,,,,,,,,,,,,,,,,,,,,,,
"XK","Kosovo","Ferizaj","Gjakova","Gjilan","Mitrovica","Pec","Pristina","Prizren",,,,,,,,,,,,,,,,,,,,,,,,,,,,,,,,,,,,,,,,,,,,,,,,,,,,,,,,,,,,,,,,,,,,,,,,,,,,
"KW","Kuwait","Al Ahmadi","Al Asimah","Al Farwaniyah","Hawalli","Mubarak al Kabir","Muhafazat al Jahra'",,,,,,,,,,,,,,,,,,,,,,,,,,,,,,,,,,,,,,,,,,,,,,,,,,,,,,,,,,,,,,,,,,,,,,,,,,,,,
"KG","Kyrgyzstan","Batken","Bishkek","Chuy","Issyk-Kul","Jalal-Abad","Naryn","Osh","Osh City","Talas",,,,,,,,,,,,,,,,,,,,,,,,,,,,,,,,,,,,,,,,,,,,,,,,,,,,,,,,,,,,,,,,,,,,,,,,,,
"LA","Laos","Attapu","Bokeo","Bolikhamsai","Champasak","Houaphan","Khammouan","Louangphabang","Loungnamtha","Oudomxai","Phongsali","Salavan","Savannahkhet","Vientiane","Vientiane Prefecture","Xaisomboun","Xekong","Xiagnabouli","Xiangkhoang",,,,,,,,,,,,,,,,,,,,,,,,,,,,,,,,,,,,,,,,,,,,,,,,,,,,,,,,,,,,,,,,,
"LV","Latvia",,,,,,,,,,,,,,,,,,,,,,,,,,,,,,,,,,,,,,,,,,,,,,,,,,,,,,,,,,,,,,,,,,,,,,,,,,,,,,,,,,,
"LB","Lebanon","Aakkar","Baalbek-Hermel","Beqaa","Beyrouth","Liban-Nord","Mont-Liban","Nabatiye","South Governorate",,,,,,,,,,,,,,,,,,,,,,,,,,,,,,,,,,,,,,,,,,,,,,,,,,,,,,,,,,,,,,,,,,,,,,,,,,,
"LS","Lesotho","Berea","Butha-Buthe","Leribe","Mafeteng","Maseru","Mohale's Hoek District","Mokhotlong","Qacha's Nek","Quthing","Thaba-Tseka",,,,,,,,,,,,,,,,,,,,,,,,,,,,,,,,,,,,,,,,,,,,,,,,,,,,,,,,,,,,,,,,,,,,,,,,,
"LR","Liberia","Bomi","Bong","Gbarpolu","Grand Bassa","Grand Cape Mount","Grand Gedeh","Grand Kru","Lofa","Margibi","Maryland","Montserrado","Nimba","River Cess","River Gee","Sinoe",,,,,,,,,,,,,,,,,,,,,,,,,,,,,,,,,,,,,,,,,,,,,,,,,,,,,,,,,,,,,,,,,,,,
"LY","Libya","Al Butnan","Al Jabal al Akhdar","Al Jafarah","Al Jufrah","Al Kufrah","Al Marj","Al Marqab","Al Wahat","An Nuqat al Khams","Az Zawiyah","Banghazi","Darnah","Ghat","Jabal al Gharbi","Misratah","Murzuq","Nalut","Sabha","Surt","Tripoli","Wadi al Hayat","Wadi ash Shati'",,,,,,,,,,,,,,,,,,,,,,,,,,,,,,,,,,,,,,,,,,,,,,,,,,,,,,,,,,,,,
"LI","Liechtenstein","Balzers","Eschen","Gamprin","Mauren","Planken","Ruggell","Schaan","Schellenberg","Triesen","Triesenberg","Vaduz",,,,,,,,,,,,,,,,,,,,,,,,,,,,,,,,,,,,,,,,,,,,,,,,,,,,,,,,,,,,,,,,,,,,,,,,
"LT","Lithuania","Alytus","Kaunas","Klaipeda County","Marijampole County","Panevezys","Siauliai","Taurage County","Telsiai","Utena","Vilnius",,,,,,,,,,,,,,,,,,,,,,,,,,,,,,,,,,,,,,,,,,,,,,,,,,,,,,,,,,,,,,,,,,,,,,,,,
"LU","Luxembourg","Capellen","Clervaux","Diekirch","Echternach","Esch-sur-Alzette","Grevenmacher","Luxembourg","Mersch","Redange","Remich","Vianden","Wiltz",,,,,,,,,,,,,,,,,,,,,,,,,,,,,,,,,,,,,,,,,,,,,,,,,,,,,,,,,,,,,,,,,,,,,,,
,"Macau",,,,,,,,,,,,,,,,,,,,,,,,,,,,,,,,,,,,,,,,,,,,,,,,,,,,,,,,,,,,,,,,,,,,,,,,,,,,,,,,,,,
"MG","Madagascar","Alaotra Mangoro","Amoron'i Mania","Analamanga","Analanjirofo","Androy","Anosy","Atsimo-Andrefana","Atsimo-Atsinanana","Atsinanana","Betsiboka","Boeny","Bongolava","Diana","Ihorombe","Itasy","Melaky","Menabe","Sava","Sofia","Upper Matsiatra","Vakinankaratra","Vatovavy Fitovinany",,,,,,,,,,,,,,,,,,,,,,,,,,,,,,,,,,,,,,,,,,,,,,,,,,,,,,,,,,,,,
"MW","Malawi","Central Region","Northern Region","Southern Region",,,,,,,,,,,,,,,,,,,,,,,,,,,,,,,,,,,,,,,,,,,,,,,,,,,,,,,,,,,,,,,,,,,,,,,,,,,,,,,,
"MY","Malaysia","Johor","Kedah","Kelantan","Kuala Lumpur","Labuan","Melaka","Negeri Sembilan","Pahang","Penang","Perak","Perlis","Putrajaya","Sabah","Sarawak","Selangor","Terengganu",,,,,,,,,,,,,,,,,,,,,,,,,,,,,,,,,,,,,,,,,,,,,,,,,,,,,,,,,,,,,,,,,,,
"MV","Maldives","Baa Atholhu","Dhaalu Atholhu","Faafu Atholhu","Gaafu Alif Atoll","Gaafu Dhaalu Atoll","Gnyaviyani Atoll","Haa Alifu Atholhu","Haa Dhaalu Atholhu","Kaafu Atoll","Laamu","Lhaviyani Atholhu","Male","Meemu Atholhu","Noonu Atoll","Northern Ari Atoll","Raa Atoll","Seenu","Shaviyani Atholhu","Southern Ari Atoll","Thaa Atholhu","Vaavu Atholhu",,,,,,,,,,,,,,,,,,,,,,,,,,,,,,,,,,,,,,,,,,,,,,,,,,,,,,,,,,,,,,
"ML","Mali","Bamako","Gao","Kayes","Kidal","Koulikoro","Menaka","Mopti","Segou","Sikasso","Taoudenit","Tombouctou",,,,,,,,,,,,,,,,,,,,,,,,,,,,,,,,,,,,,,,,,,,,,,,,,,,,,,,,,,,,,,,,,,,,,,,,
"MT","Malta",,,,,,,,,,,,,,,,,,,,,,,,,,,,,,,,,,,,,,,,,,,,,,,,,,,,,,,,,,,,,,,,,,,,,,,,,,,,,,,,,,,
"MH","Marshall Islands","Ailinginae Atoll","Ailinglaplap Atoll","Ailuk Atoll","Arno Atoll","Aur Atoll","Bikar Atoll","Bikini Atoll","Bokak Atoll","Ebon Atoll","Enewetak Atoll","Erikub Atoll","Jabat Island","Jaluit Atoll","Jemo Island","Kili Island","Kwajalein Atoll","Lae Atoll","Lib Island","Likiep Atoll","Majuro Atoll","Maloelap Atoll","Mejit Island","Mili Atoll","Namdrik Atoll","Namu Atoll","Rongelap Atoll","Rongrik Atoll","Taka Atoll","Ujae Atoll","Ujelang","Utrik Atoll","Wotho Atoll","Wotje Atoll",,,,,,,,,,,,,,,,,,,,,,,,,,,,,,,,,,,,,,,,,,,,,,,,,,
"MR","Mauritania","Adrar","Assaba","Brakna","Dakhlet Nouadhibou","Gorgol","Guidimaka","Hodh Ech Chargi","Hodh El Gharbi","Inchiri","Nouakchott Nord","Nouakchott Ouest","Nouakchott Sud","Tagant","Tiris Zemmour","Trarza",,,,,,,,,,,,,,,,,,,,,,,,,,,,,,,,,,,,,,,,,,,,,,,,,,,,,,,,,,,,,,,,,,,,
"MU","Mauritius","Agalega Islands","Black River","Cargados Carajos","Flacq","Grand Port","Moka","Pamplemousses","Plaines Wilhems","Port Louis","Riviere du Rempart","Rodrigues","Savanne",,,,,,,,,,,,,,,,,,,,,,,,,,,,,,,,,,,,,,,,,,,,,,,,,,,,,,,,,,,,,,,,,,,,,,,
"MX","Mexico","Aguascalientes","Baja California","Baja California Sur","Campeche","Chiapas","Chihuahua","Coahuila","Colima","Durango","Guanajuato","Guerrero","Hidalgo","Jalisco","Mexico","Mexico City","Michoacan","Morelos","Nayarit","Nuevo Leon","Oaxaca","Puebla","Queretaro","Quintana Roo","San Luis Potosi","Sinaloa","Sonora","Tabasco","Tamaulipas","Tlaxcala","Veracruz","Yucatan","Zacatecas",,,,,,,,,,,,,,,,,,,,,,,,,,,,,,,,,,,,,,,,,,,,,,,,,,,
"FM","Micronesia","Chuuk","Kosrae","Pohnpei","Yap",,,,,,,,,,,,,,,,,,,,,,,,,,,,,,,,,,,,,,,,,,,,,,,,,,,,,,,,,,,,,,,,,,,,,,,,,,,,,,,
"MD","Moldova","Anenii Noi","Balti","Basarabeasca","Bender Municipality","Briceni","Cahul","Calarasi","Cantemir","Causeni","Chisinau Municipality","Cimislia","Criuleni","Donduseni","Drochia","Dubasari","Falesti","Floresti","Gagauzia","Glodeni","Hincesti","Ialoveni","Leova","Nisporeni","Orhei","Raionul Edinet","Raionul Ocnita","Raionul Soroca","Rezina","Riscani","Singerei","Soldanesti","Stefan-Voda","Straseni","Taraclia","Telenesti","Transnistria","Ungheni",,,,,,,,,,,,,,,,,,,,,,,,,,,,,,,,,,,,,,,,,,,,,,
"MC","Monaco","Commune de Monaco",,,,,,,,,,,,,,,,,,,,,,,,,,,,,,,,,,,,,,,,,,,,,,,,,,,,,,,,,,,,,,,,,,,,,,,,,,,,,,,,,,
"MN","Mongolia","Arhangay","Bayan-Olgiy","Bayanhongor","Bulgan","Central Aimak","Darhan Uul","Dzabkhan","East Aimak","East Gobi Aymag","Govi-Altay","Govi-Sumber","Hentiy","Hovd","Hovsgol","Middle Govi","OEmnoegovi","OEvoerhangay","Orhon","Selenge","Suhbaatar","Ulaanbaatar","Uvs",,,,,,,,,,,,,,,,,,,,,,,,,,,,,,,,,,,,,,,,,,,,,,,,,,,,,,,,,,,,,
"ME","Montenegro","Andrijevica","Bar","Berane","Bijelo Polje","Budva","Cetinje","Danilovgrad","Gusinje","Herceg Novi","Kotor","Mojkovac","Opstina Kolasin","Opstina Niksic","Opstina Plav","Opstina Pluzine","Opstina Rozaje","Opstina Savnik","Opstina Zabljak","Petnjica","Pljevlja","Podgorica","Tivat","Tuzi","Ulcinj",,,,,,,,,,,,,,,,,,,,,,,,,,,,,,,,,,,,,,,,,,,,,,,,,,,,,,,,,,,
"MA","Morocco","Beni Mellal-Khenifra","Casablanca-Settat","Dakhla-Oued Ed-Dahab","Draa-Tafilalet","Fes-Meknes","Guelmim-Oued Noun","Laayoune-Sakia El Hamra","Marrakesh-Safi","Oriental","Rabat-Sale-Kenitra","Souss-Massa","Tanger-Tetouan-Al Hoceima",,,,,,,,,,,,,,,,,,,,,,,,,,,,,,,,,,,,,,,,,,,,,,,,,,,,,,,,,,,,,,,,,,,,,,,
"MZ","Mozambique","Cabo Delgado","Gaza","Inhambane","Manica","Maputo","Maputo City","Nampula","Niassa","Sofala","Tete","Zambezia",,,,,,,,,,,,,,,,,,,,,,,,,,,,,,,,,,,,,,,,,,,,,,,,,,,,,,,,,,,,,,,,,,,,,,,,
"MM","Myanmar","Ayeyarwady","Bago","Chin","Kachin","Kayah","Kayin","Magway","Mandalay","Mon","Nay Pyi Taw","Rakhine","Rangoon","Sagain","Shan","Tanintharyi",,,,,,,,,,,,,,,,,,,,,,,,,,,,,,,,,,,,,,,,,,,,,,,,,,,,,,,,,,,,,,,,,,,,
"NA","Namibia","Erongo","Hardap","Karas","Kavango East","Kavango West","Khomas","Kunene","Ohangwena","Omaheke","Omusati","Oshana","Oshikoto","Otjozondjupa","Zambezi",,,,,,,,,,,,,,,,,,,,,,,,,,,,,,,,,,,,,,,,,,,,,,,,,,,,,,,,,,,,,,,,,,,,,
"NR","Nauru","Aiwo","Anabar","Anetan","Anibare","Baiti","Boe","Buada","Denigomodu","Ewa","Ijuw","Meneng","Nibok","Uaboe","Yaren",,,,,,,,,,,,,,,,,,,,,,,,,,,,,,,,,,,,,,,,,,,,,,,,,,,,,,,,,,,,,,,,,,,,,
"NP","Nepal","Karnali Pradesh","Province 1","Province 2","Province 3","Province 4","Province 5","Sudurpashchim Pradesh",,,,,,,,,,,,,,,,,,,,,,,,,,,,,,,,,,,,,,,,,,,,,,,,,,,,,,,,,,,,,,,,,,,,,,,,,,,,
"NL","Netherlands","Drenthe","Flevoland","Friesland","Gelderland","Groningen","Limburg","North Brabant","North Holland","Overijssel","South Holland","Utrecht","Zeeland",,,,,,,,,,,,,,,,,,,,,,,,,,,,,,,,,,,,,,,,,,,,,,,,,,,,,,,,,,,,,,,,,,,,,,,
"NZ","New Zealand","Auckland","Bay of Plenty","Canterbury","Chatham Islands","Gisborne","Hawke's Bay","Manawatu-Wanganui","Marlborough","Nelson","Northland","Otago","Southland","Taranaki","Tasman","Waikato","Wellington","West Coast",,,,,,,,,,,,,,,,,,,,,,,,,,,,,,,,,,,,,,,,,,,,,,,,,,,,,,,,,,,,,,,,,,
"NI","Nicaragua","Boaco","Carazo","Chinandega","Chontales","Esteli","Granada","Jinotega","Leon","Madriz","Managua","Masaya","Matagalpa","North Caribbean Coast","Nueva Segovia","Rio San Juan","Rivas","South Caribbean Coast",,,,,,,,,,,,,,,,,,,,,,,,,,,,,,,,,,,,,,,,,,,,,,,,,,,,,,,,,,,,,,,,,,
"NE","Niger","Agadez","Diffa","Dosso","Maradi","Niamey","Tahoua","Tillaberi","Zinder",,,,,,,,,,,,,,,,,,,,,,,,,,,,,,,,,,,,,,,,,,,,,,,,,,,,,,,,,,,,,,,,,,,,,,,,,,,
"NG","Nigeria","Abia","Adamawa","Akwa Ibom","Anambra","Bauchi","Bayelsa","Benue","Borno","Cross River","Delta","Ebonyi","Edo","Ekiti","Enugu","FCT","Gombe","Imo","Jigawa","Kaduna","Kano","Katsina","Kebbi","Kogi","Kwara","Lagos","Nassarawa","Niger","Ogun","Ondo","Osun","Oyo","Plateau","Rivers","Sokoto","Taraba","Yobe","Zamfara",,,,,,,,,,,,,,,,,,,,,,,,,,,,,,,,,,,,,,,,,,,,,,
"KP","North Korea","Chagang-do","Hamgyong-bukto","Hamgyong-namdo","Hwanghae-bukto","Hwanghae-namdo","Kangwon-do","P'yongan-bukto","Pyongyang","Rason","South Pyongan","Yanggang-do",,,,,,,,,,,,,,,,,,,,,,,,,,,,,,,,,,,,,,,,,,,,,,,,,,,,,,,,,,,,,,,,,,,,,,,,
"MK","North Macedonia",,,,,,,,,,,,,,,,,,,,,,,,,,,,,,,,,,,,,,,,,,,,,,,,,,,,,,,,,,,,,,,,,,,,,,,,,,,,,,,,,,,
"NO","Norway","Agder","Innlandet","More og Romsdal","Nordland","Oslo","Rogaland","Troms og Finnmark","Trondelag","Vestfold og Telemark","Vestland","Viken",,,,,,,,,,,,,,,,,,,,,,,,,,,,,,,,,,,,,,,,,,,,,,,,,,,,,,,,,,,,,,,,,,,,,,,,
"OM","Oman","Ad Dakhiliyah","Al Batinah North","Al Batinah South","Al Buraimi","Al Wusta","Az Zahirah","Dhofar","Musandam","Muscat","Northeastern Governorate","Southeastern Governorate",,,,,,,,,,,,,,,,,,,,,,,,,,,,,,,,,,,,,,,,,,,,,,,,,,,,,,,,,,,,,,,,,,,,,,,,
"PK","Pakistan","Azad Kashmir","Balochistan","Gilgit-Baltistan","Islamabad","Khyber Pakhtunkhwa","Punjab","Sindh",,,,,,,,,,,,,,,,,,,,,,,,,,,,,,,,,,,,,,,,,,,,,,,,,,,,,,,,,,,,,,,,,,,,,,,,,,,,
"PW","Palau","Aimeliik","Airai","Angaur","Hatohobei","Kayangel","Koror","Melekeok","Ngaraard","Ngarchelong","Ngardmau","Ngaremlengui","Ngatpang","Ngchesar","Ngiwal","Peleliu","Sonsorol",,,,,,,,,,,,,,,,,,,,,,,,,,,,,,,,,,,,,,,,,,,,,,,,,,,,,,,,,,,,,,,,,,,
"PS","Paletsine","Gaza Strip","West Bank",,,,,,,,,,,,,,,,,,,,,,,,,,,,,,,,,,,,,,,,,,,,,,,,,,,,,,,,,,,,,,,,,,,,,,,,,,,,,,,,,
"PA","Panama","Bocas del Toro","Chiriqui","Cocle","Colon","Darien","Embera","Guna Yala","Herrera","Los Santos","Ngoebe-Bugle","Panama","Panama Oeste","Veraguas",,,,,,,,,,,,,,,,,,,,,,,,,,,,,,,,,,,,,,,,,,,,,,,,,,,,,,,,,,,,,,,,,,,,,,
"PG","Papua New Guinea","Bougainville","Central Province","Chimbu","East New Britain","East Sepik","Eastern Highlands","Enga","Gulf","Hela","Jiwaka","Madang","Manus","Milne Bay","Morobe","National Capital","New Ireland","Northern Province","Sandaun","Southern Highlands","West New Britain","Western Highlands","Western Province",,,,,,,,,,,,,,,,,,,,,,,,,,,,,,,,,,,,,,,,,,,,,,,,,,,,,,,,,,,,,
"PY","Paraguay","Alto Paraguay","Alto Parana","Amambay","Asuncion","Boqueron","Caaguazu","Caazapa","Canindeyu","Central","Concepcion","Cordillera","Guaira","Itapua","Misiones","Neembucu","Paraguari","Presidente Hayes","San Pedro",,,,,,,,,,,,,,,,,,,,,,,,,,,,,,,,,,,,,,,,,,,,,,,,,,,,,,,,,,,,,,,,,
"PE","Peru","Amazonas","Ancash","Apurimac","Arequipa","Ayacucho","Cajamarca","Callao","Cusco","Huancavelica","Huanuco","Ica","Junin","La Libertad","Lambayeque","Lima","Lima region","Loreto","Madre de Dios","Moquegua","Pasco","Piura","Puno","San Martin","Tacna","Tumbes","Ucayali",,,,,,,,,,,,,,,,,,,,,,,,,,,,,,,,,,,,,,,,,,,,,,,,,,,,,,,,,
"PH","Philippines","Abra","Agusan del Norte","Agusan del Sur","Aklan","Albay","Antique","Apayao","Aurora","Basilan","Bataan","Batanes","Batangas","Benguet","Biliran","Bohol","Bukidnon","Bulacan","Cagayan","Camarines Norte","Camarine Sur","Camiguin","Capiz","Catanduanes","Cavite","Cebu","Cotabato","Davao de Oro","Davao del Norte","Davao del Sur","Davao Occidental","Davao Oriental","Dinagat Islands","Eastern Samar","Guimaras","Ifugao","Ilocos Norte","Ilocos Sur","Iloilo","Isabela","Kalinga","La Union","Laguna","Lanao del Norte","Lanao del Sur","Leyte","Maguindanao","Marinduque","Masbate","Misamis Occidental","Misamis Oriental","Mountain Province","Negros Occidental","Negros Oriental","Northern Samar","Nueva Ecija","Nueva Vizcaya","Occidental Mindoro","Oriental Mindoro","Palawan","Pampanga","Pangasinan","Quezon","Quirino","Rizal","Romblon","Samar","Sarangani","Siquijor","Sorsogon","South Cotabato","Southern Leyte","Sultan Kudarat","Sulu","Surigao del Norte","Surigao del Sur","Tarlac","Tawi-Tawi","Zambales","Zamboanga del Norte","Zamboanga del Sur","Zamboanga Sibugay",,
"PL","Poland","Greater Poland","Kujawsko-Pomorskie","Lesser Poland","Lodz Voivodeship","Lower Silesia","Lublin","Lubusz","Mazovia","Opole Voivodeship","Podlasie","Pomerania","Silesia","Subcarpathia","Swietokrzyskie","Warmia-Masuria","West Pomerania",,,,,,,,,,,,,,,,,,,,,,,,,,,,,,,,,,,,,,,,,,,,,,,,,,,,,,,,,,,,,,,,,,,
"PT","Portugal","Aveiro","Azores","Beja","Braga","Braganca","Castelo Branco","Coimbra","District of Setubal","Evora","Faro","Guarda","Leiria","Lisbon","Madeira","Portalegre","Porto","Santarem","Viana do Castelo","Vila Real","Viseu",,,,,,,,,,,,,,,,,,,,,,,,,,,,,,,,,,,,,,,,,,,,,,,,,,,,,,,,,,,,,,,
"QA","Qatar","Al Khor","Al Wakrah","Al-Shahaniya","Baladiyat ad Dawhah","Baladiyat ar Rayyan","Baladiyat az Za`ayin","Baladiyat Umm Salal","Madinat ash Shamal",,,,,,,,,,,,,,,,,,,,,,,,,,,,,,,,,,,,,,,,,,,,,,,,,,,,,,,,,,,,,,,,,,,,,,,,,,,
"CG","Republic of the Congo","Bouenza","Brazzaville","Cuvette","Cuvette-Ouest","Kouilou","Lekoumou","Likouala","Niari","Plateaux","Pointe-Noire","Pool","Sangha",,,,,,,,,,,,,,,,,,,,,,,,,,,,,,,,,,,,,,,,,,,,,,,,,,,,,,,,,,,,,,,,,,,,,,,
"RO","Romania","Alba","Arad","Arges","Bacau","Bihor","Bistrita-Nasaud","Botosani","Braila","Brasov","Bucuresti","Buzau","Calarasi","Caras-Severin","Cluj","Constanta","Covasna","Dambovita","Dolj","Galati","Giurgiu","Gorj","Harghita","Hunedoara","Ialomita","Iasi","Ilfov","Maramures","Mehedinti","Mures","Neamt","Olt","Prahova","Salaj","Satu Mare","Sibiu","Suceava","Teleorman","Timis","Tulcea","Valcea","Vaslui","Vrancea",,,,,,,,,,,,,,,,,,,,,,,,,,,,,,,,,,,,,,,,,
"RU","Russia","Adygeya Republic","Altai","Altai Krai","Amur Oblast","Arkhangelskaya","Astrakhan","Bashkortostan Republic","Belgorod Oblast","Bryansk Oblast","Buryatiya Republic","Chechnya","Chelyabinsk","Chukotka","Chuvashia","Dagestan","Ingushetiya Republic","Irkutsk Oblast","Ivanovo","Jaroslavl","Jewish Autonomous Oblast","Kabardino-Balkariya Republic","Kaliningrad","Kalmykiya Republic","Kaluga","Kamchatka","Karachayevo-Cherkesiya Republic","Karelia","Kemerovo Oblast","Khabarovsk","Khakasiya Republic","Khanty-Mansia","Kirov","Komi","Kostroma Oblast","Krasnodarskiy","Krasnoyarskiy","Kurgan Oblast","Kursk","Leningradskaya Oblast'","Lipetsk Oblast","Magadan Oblast","Mariy-El Republic","Mordoviya Republic","Moscow","Moscow Oblast","Murmansk","Nenets","Nizhny Novgorod Oblast","North Ossetia","Novgorod Oblast","Novosibirsk Oblast","Omsk","Orel Oblast","Orenburg Oblast","Penza","Perm","Primorskiy (Maritime) Kray","Pskov Oblast","Republic of Tyva","Rostov","Ryazan Oblast","Sakha","Sakhalin Oblast","Samara Oblast","Saratovskaya Oblast","Smolensk","St.-Petersburg","Stavropol' Kray","Sverdlovsk","Tambov","Tatarstan Republic","Tomsk Oblast","Transbaikal Territory","Tula","Tver' Oblast","Tyumen' Oblast","Udmurtiya Republic","Ulyanovsk","Vladimir","Volgograd Oblast","Vologda","Voronezj","Yamalo-Nenets"
"RW","Rwanda","Eastern Province","Kigali","Northern Province","Southern Province","Western Province",,,,,,,,,,,,,,,,,,,,,,,,,,,,,,,,,,,,,,,,,,,,,,,,,,,,,,,,,,,,,,,,,,,,,,,,,,,,,,
"KN","Saint Kitts and Nevis","Christ Church Nichola Town","Middle Island","Saint Anne Sandy Point","Saint George Basseterre","Saint George Gingerland","Saint James Windwa","Saint John Capesterre","Saint John Figtree","Saint Mary Cayon","Saint Paul Capesterre","Saint Paul Charlestown","Saint Peter Basseterre","Saint Thomas Lowland","Trinity Palmetto Point",,,,,,,,,,,,,,,,,,,,,,,,,,,,,,,,,,,,,,,,,,,,,,,,,,,,,,,,,,,,,,,,,,,,,
"LC","Saint Lucia","Anse-la-Raye","Canaries","Castries","Choiseul","Dennery","Gros-Islet","Laborie","Micoud","Soufriere","Vieux-Fort",,,,,,,,,,,,,,,,,,,,,,,,,,,,,,,,,,,,,,,,,,,,,,,,,,,,,,,,,,,,,,,,,,,,,,,,,
"VC","Saint Vincent and the Grenadines","Charlotte","Grenadines","Saint Andrew","Saint David","Saint George","Saint Patrick",,,,,,,,,,,,,,,,,,,,,,,,,,,,,,,,,,,,,,,,,,,,,,,,,,,,,,,,,,,,,,,,,,,,,,,,,,,,,
"WS","Samoa","A'ana","Aiga-i-le-Tai","Atua","Fa`asaleleaga","Gaga`emauga","Gagaifomauga","Palauli","Satupa`itea","Tuamasaga","Va`a-o-Fonoti","Vaisigano",,,,,,,,,,,,,,,,,,,,,,,,,,,,,,,,,,,,,,,,,,,,,,,,,,,,,,,,,,,,,,,,,,,,,,,,
"SM","San Marino","Acquaviva","Borgo Maggiore","Chiesanuova","Domagnano","Faetano","Fiorentino","Montegiardino","San Marino","Serravalle",,,,,,,,,,,,,,,,,,,,,,,,,,,,,,,,,,,,,,,,,,,,,,,,,,,,,,,,,,,,,,,,,,,,,,,,,,
"ST","Sao Tome and Principe","Principe","Sao Tome Island",,,,,,,,,,,,,,,,,,,,,,,,,,,,,,,,,,,,,,,,,,,,,,,,,,,,,,,,,,,,,,,,,,,,,,,,,,,,,,,,,
"SA","Saudi Arabia","'Asir","Al Bahah","Al Jawf","Al Madinah al Munawwarah","Al-Qassim","Ar Riyad","Eastern Province","Hai'l Region","Jizan","Makkah","Najran","Northern Borders","Tabuk",,,,,,,,,,,,,,,,,,,,,,,,,,,,,,,,,,,,,,,,,,,,,,,,,,,,,,,,,,,,,,,,,,,,,,
"SN","Senegal","Dakar","Diourbel","Fatick","Kaffrine","Kaolack","Kedougou","Kolda","Louga","Matam","Saint-Louis","Sedhiou","Tambacounda","Thies","Ziguinchor",,,,,,,,,,,,,,,,,,,,,,,,,,,,,,,,,,,,,,,,,,,,,,,,,,,,,,,,,,,,,,,,,,,,,
"RS","Serbia","Central Serbia","Vojvodina",,,,,,,,,,,,,,,,,,,,,,,,,,,,,,,,,,,,,,,,,,,,,,,,,,,,,,,,,,,,,,,,,,,,,,,,,,,,,,,,,
"SC","Seychelles","Anse Boileau","Anse Etoile","Anse Royale","Anse-aux-Pins","Au Cap","Baie Lazare","Baie Sainte Anne","Beau Vallon","Bel Air","Bel Ombre","Cascade","English River","Glacis","Grand Anse Mahe","Grand Anse Praslin","Inner Islands","Les Mamelles","Mont Buxton","Mont Fleuri","Outer Islands","Plaisance","Pointe Larue","Port Glaud","Roche Caiman","Saint Louis","Takamaka",,,,,,,,,,,,,,,,,,,,,,,,,,,,,,,,,,,,,,,,,,,,,,,,,,,,,,,,,
"SL","Sierra Leone","Eastern Province","North West","Northern Province","Southern Province","Western Area",,,,,,,,,,,,,,,,,,,,,,,,,,,,,,,,,,,,,,,,,,,,,,,,,,,,,,,,,,,,,,,,,,,,,,,,,,,,,,
"SG","Singapore",,,,,,,,,,,,,,,,,,,,,,,,,,,,,,,,,,,,,,,,,,,,,,,,,,,,,,,,,,,,,,,,,,,,,,,,,,,,,,,,,,,
"SK","Slovakia","Banskobystricky kraj","Bratislavsky kraj","Kosicky kraj","Nitriansky kraj","Presovsky kraj","Trenciansky kraj","Trnavsky kraj","Zilinsky kraj",,,,,,,,,,,,,,,,,,,,,,,,,,,,,,,,,,,,,,,,,,,,,,,,,,,,,,,,,,,,,,,,,,,,,,,,,,,
"SI","Slovenia",,,,,,,,,,,,,,,,,,,,,,,,,,,,,,,,,,,,,,,,,,,,,,,,,,,,,,,,,,,,,,,,,,,,,,,,,,,,,,,,,,,
"SB","Solomon Islands","Central Province","Choiseul","Guadalcanal","Honiara","Isabel","Makira","Malaita","Rennell and Bellona","Temotu","Western Province",,,,,,,,,,,,,,,,,,,,,,,,,,,,,,,,,,,,,,,,,,,,,,,,,,,,,,,,,,,,,,,,,,,,,,,,,
"SO","Somalia","Awdal","Bakool","Banaadir","Bari","Bay","Galguduud","Gedo","Hiiraan","Lower Juba","Lower Shabeelle","Middle Juba","Middle Shabele","Mudug","Nugaal","Sanaag","Sool","Togdheer","Woqooyi Galbeed",,,,,,,,,,,,,,,,,,,,,,,,,,,,,,,,,,,,,,,,,,,,,,,,,,,,,,,,,,,,,,,,,
"ZA","South Africa","Eastern Cape","Gauteng","KwaZulu-Natal","Limpopo","Mpumalanga","North-West","Northern Cape","Orange Free State","Western Cape",,,,,,,,,,,,,,,,,,,,,,,,,,,,,,,,,,,,,,,,,,,,,,,,,,,,,,,,,,,,,,,,,,,,,,,,,,
"KR","South Korea","Busan","Chungcheongnam-do","Daegu","Daejeon","Gangwon-do","Gwangju","Gyeonggi-do","Gyeongsangbuk-do","Gyeongsangnam-do","Incheon","Jeju-do","Jeollabuk-do","Jeollanam-do","North Chungcheong","Sejong-si","Seoul","Ulsan",,,,,,,,,,,,,,,,,,,,,,,,,,,,,,,,,,,,,,,,,,,,,,,,,,,,,,,,,,,,,,,,,,
"SS","South Sudan","Akobo","Amadi State","Aweil","Aweil East","Bieh","Boma","Central Upper Nile","Eastern Lakes","Fangak","Fashoda","Gbudwe","Gogrial","Gok","Imatong","Jonglei","Juba","Kapoeta","Latjoor","Lol","Maiwut","Maridi","Northern Liech","Northern Upper Nile","Ruweng","Southern Liech","Tambura","Terekeka","Tonj","Twic","Wau","Western Lakes","Yei River",,,,,,,,,,,,,,,,,,,,,,,,,,,,,,,,,,,,,,,,,,,,,,,,,,,
"ES","Spain","Andalusia","Aragon","Asturias","Balearic Islands","Basque Country","Canary Islands","Cantabria","Castille and Leon","Castille-La Mancha","Catalonia","Ceuta","Extremadura","Galicia","La Rioja","Madrid","Melilla","Murcia","Navarre","Valencia",,,,,,,,,,,,,,,,,,,,,,,,,,,,,,,,,,,,,,,,,,,,,,,,,,,,,,,,,,,,,,,,
"LK","Sri Lanka","Central","Eastern Province","North Central","North Western","Northern Province","Sabaragamuwa","Southern","Uva","Western",,,,,,,,,,,,,,,,,,,,,,,,,,,,,,,,,,,,,,,,,,,,,,,,,,,,,,,,,,,,,,,,,,,,,,,,,,
"SD","Sudan","Al Jazirah","Al Qadarif","Blue Nile","Central Darfur","Eastern Darfur","Kassala","Khartoum","North Kordofan","Northern Darfur","Northern State","Red Sea","River Nile","Sinnar","Southern Darfur","Southern Kordofan","West Kordofan State","Western Darfur","White Nile",,,,,,,,,,,,,,,,,,,,,,,,,,,,,,,,,,,,,,,,,,,,,,,,,,,,,,,,,,,,,,,,,
"SR","Suriname","Brokopondo","Commewijne","Coronie","Marowijne","Nickerie","Para","Paramaribo","Saramacca","Sipaliwini","Wanica",,,,,,,,,,,,,,,,,,,,,,,,,,,,,,,,,,,,,,,,,,,,,,,,,,,,,,,,,,,,,,,,,,,,,,,,,
"SE","Sweden","Blekinge","Dalarna","Gaevleborg","Gotland","Halland","Jaemtland","Joenkoeping","Kalmar","Kronoberg","Norrbotten","OErebro","OEstergoetland","Skane","Soedermanland","Stockholm","Uppsala","Vaermland","Vaesterbotten","Vaesternorrland","Vaestmanland","Vaestra Goetaland",,,,,,,,,,,,,,,,,,,,,,,,,,,,,,,,,,,,,,,,,,,,,,,,,,,,,,,,,,,,,,
"CH","Switzerland","Aargau","Appenzell Ausserrhoden","Appenzell Innerrhoden","Basel-City","Basel-Landschaft","Bern","Fribourg","Geneva","Glarus","Grisons","Jura","Lucerne","Neuchatel","Nidwalden","Obwalden","Saint Gallen","Schaffhausen","Schwyz","Solothurn","Thurgau","Ticino","Uri","Valais","Vaud","Zug","Zurich",,,,,,,,,,,,,,,,,,,,,,,,,,,,,,,,,,,,,,,,,,,,,,,,,,,,,,,,,
"SY","Syria","Al-Hasakah","Aleppo","Ar-Raqqah","As-Suwayda","Daraa","Deir ez-Zor","Dimashq","Hama","Homs","Idlib","Latakia","Quneitra","Rif-dimashq","Tartus",,,,,,,,,,,,,,,,,,,,,,,,,,,,,,,,,,,,,,,,,,,,,,,,,,,,,,,,,,,,,,,,,,,,,
"TW","Taiwan","Fukien","Taipei","Taiwan","Takao",,,,,,,,,,,,,,,,,,,,,,,,,,,,,,,,,,,,,,,,,,,,,,,,,,,,,,,,,,,,,,,,,,,,,,,,,,,,,,,
"TJ","Tajikistan","Dushanbe","Gorno-Badakhshan","Khatlon","Republican Subordination","Sughd",,,,,,,,,,,,,,,,,,,,,,,,,,,,,,,,,,,,,,,,,,,,,,,,,,,,,,,,,,,,,,,,,,,,,,,,,,,,,,
"TZ","Tanzania","Arusha","Dar es Salaam","Dodoma","Geita","Iringa","Kagera","Katavi","Kigoma","Kilimanjaro","Lindi","Manyara","Mara","Mbeya","Morogoro","Mtwara","Mwanza","Njombe","Pemba North","Pemba South","Pwani","Rukwa","Ruvuma","Shinyanga","Simiyu","Singida","Songwe","Tabora","Tanga","Zanzibar Central/South","Zanzibar North","Zanzibar Urban/West",,,,,,,,,,,,,,,,,,,,,,,,,,,,,,,,,,,,,,,,,,,,,,,,,,,,
"TH","Thailand","Amnat Charoen","Ang Thong","Bangkok","Bueng Kan","Buriram","Chachoengsao","Chai Nat","Chaiyaphum","Chanthaburi","Chiang Mai","Chiang Rai","Chon Buri","Chumphon","Kalasin","Kamphaeng Phet","Kanchanaburi","Khon Kaen","Krabi","Lampang","Lamphun","Loei","Lopburi","Mae Hong Son","Maha Sarakham","Mukdahan","Nakhon Nayok","Nakhon Pathom","Nakhon Phanom","Nakhon Ratchasima","Nakhon Sawan","Nakhon Si Thammarat","Nan","Narathiwat","Nong Bua Lam Phu","Nong Khai","Nonthaburi","Pathum Thani","Pattani","Phang Nga","Phatthalung","Phayao","Phetchabun","Phetchaburi","Phichit","Phitsanulok","Phra Nakhon Si Ayutthaya","Phrae","Phuket","Prachin Buri","Prachuap Khiri Khan","Ranong","Ratchaburi","Rayong","Roi Et","Sa Kaeo","Sakon Nakhon","Samut Prakan","Samut Sakhon","Samut Songkhram","Saraburi","Satun","Si Sa Ket","Sing Buri","Songkhla","Sukhothai","Suphanburi","Surat Thani","Surin","Tak","Trang","Trat","Ubon Ratchathani","Udon Thani","Uthai Thani","Uttaradit","Yala","Yasothon",,,,,,
"TL","Timor Leste","Aileu","Ainaro","Baucau","Bobonaro","Cova Lima","Dili","Ermera","Lautem","Liquica","Manatuto","Manufahi","Oecusse","Viqueque",,,,,,,,,,,,,,,,,,,,,,,,,,,,,,,,,,,,,,,,,,,,,,,,,,,,,,,,,,,,,,,,,,,,,,
"TG","Togo","Centrale","Kara","Maritime","Plateaux","Savanes",,,,,,,,,,,,,,,,,,,,,,,,,,,,,,,,,,,,,,,,,,,,,,,,,,,,,,,,,,,,,,,,,,,,,,,,,,,,,,
"TO","Tonga","'Eua","Ha`apai","Niuas","Tongatapu","Vava`u",,,,,,,,,,,,,,,,,,,,,,,,,,,,,,,,,,,,,,,,,,,,,,,,,,,,,,,,,,,,,,,,,,,,,,,,,,,,,,
"TT","Trinidad and Tobago","Borough of Arima","Chaguanas","Couva-Tabaquite-Talparo","Diego Martin","Mayaro","Penal/Debe","Point Fortin","Port of Spain","Princes Town","San Fernando","San Juan/Laventille","Sangre Grande","Siparia","Tobago","Tunapuna/Piarco",,,,,,,,,,,,,,,,,,,,,,,,,,,,,,,,,,,,,,,,,,,,,,,,,,,,,,,,,,,,,,,,,,,,
"TN","Tunisia","Al Mahdiyah","Al Munastir","Al Qasrayn","Ariana","Bajah","Banzart","Bin 'Arus","Gafsa","Jundubah","Kairouan","Kef","Madanin","Manouba","Nabul","Qabis","Qibili","Safaqis","Sidi Bu Zayd","Silyanah","Susah","Tataouine","Tawzar","Tunis","Zaghwan",,,,,,,,,,,,,,,,,,,,,,,,,,,,,,,,,,,,,,,,,,,,,,,,,,,,,,,,,,,
"TR","Turkey","Adana","Adiyaman","Afyonkarahisar","Agri","Aksaray","Amasya","Ankara","Antalya","Ardahan","Artvin","Aydin","Balikesir","Bartin","Batman","Bayburt","Bilecik","Bingoel","Bitlis","Bolu","Burdur","Bursa","Canakkale","Cankiri","Corum","Denizli","Diyarbakir","Duzce","Edirne","Elazig","Erzincan","Erzurum","Eskisehir","Gaziantep","Giresun","Gumushane","Hakkari","Hatay","Igdir","Isparta","Istanbul","Izmir","Kahramanmaras","Karabuk","Karaman","Kars","Kastamonu","Kayseri","Kilis","Kirikkale","Kirklareli","Kirsehir","Kocaeli","Konya","Kuetahya","Malatya","Manisa","Mardin","Mersin","Mugla","Mus","Nevsehir","Nigde","Ordu","Osmaniye","Rize","Sakarya","Samsun","Sanliurfa","Siirt","Sinop","Sirnak","Sivas","Tekirdag","Tokat","Trabzon","Tunceli","Usak","Van","Yalova","Yozgat","Zonguldak",,
"TM","Turkmenistan","Ahal","Ashgabat","Balkan","Dasoguz","Lebap","Mary",,,,,,,,,,,,,,,,,,,,,,,,,,,,,,,,,,,,,,,,,,,,,,,,,,,,,,,,,,,,,,,,,,,,,,,,,,,,,
"TV","Tuvalu","Funafuti","Nanumanga","Nanumea","Niutao","Nui","Nukufetau","Nukulaelae","Vaitupu",,,,,,,,,,,,,,,,,,,,,,,,,,,,,,,,,,,,,,,,,,,,,,,,,,,,,,,,,,,,,,,,,,,,,,,,,,,
"UG","Uganda","Central Region","Eastern Region","Northern Region","Western Region",,,,,,,,,,,,,,,,,,,,,,,,,,,,,,,,,,,,,,,,,,,,,,,,,,,,,,,,,,,,,,,,,,,,,,,,,,,,,,,
"UA","Ukraine","Cherkasy","Chernihiv","Chernivtsi Oblast'","Crimea","Dnipropetrovsk","Donetsk","Ivano-Frankivsk","Kharkiv","Kherson","Khmelnytskyi","Kirovohrad","Kyiv","Kyiv City","Luhansk","Lviv","Mykolaiv","Odesa","Poltava","Rivne","Sevastopol City","Sumy","Ternopil","Transcarpathia","Vinnyts'ka","Volyn","Zaporizhia","Zhytomyr",,,,,,,,,,,,,,,,,,,,,,,,,,,,,,,,,,,,,,,,,,,,,,,,,,,,,,,,
"AE","United Arab Emirates","Abu Dhabi","Ajman","Dubai","Fujairah","Ra's al Khaymah","Sharjah","Umm al Qaywayn",,,,,,,,,,,,,,,,,,,,,,,,,,,,,,,,,,,,,,,,,,,,,,,,,,,,,,,,,,,,,,,,,,,,,,,,,,,,
"GB","United Kingdom","England","Northern Ireland","Scotland","Wales",,,,,,,,,,,,,,,,,,,,,,,,,,,,,,,,,,,,,,,,,,,,,,,,,,,,,,,,,,,,,,,,,,,,,,,,,,,,,,,
"US","United States","Alabama","Alaska","Arizona","Arkansas","California","Colorado","Connecticut","Delaware","Florida","Georgia","Hawaii","Idaho","Illinois","Indiana","Iowa","Kansas","Kentucky","Louisiana","Maine","Maryland","Massachusetts","Michigan","Minnesota","Mississippi","Missouri","Montana","Nebraska","Nevada","New Hampshire","New Jersey","New Mexico","New York","North Carolina","North Dakota","Ohio","Oklahoma","Oregon","Pennsylvania","Rhode Island","South Carolina","South Dakota","Tennessee","Texas","Utah","Vermont","Virginia","Washington","Washington, D.C.","West Virginia","Wisconsin","Wyoming","Puerto Rico",,,,,,,,,,,,,,,,,,,,,,,,,,,,,,,
"UY","Uruguay","Artigas","Canelones","Cerro Largo","Colonia","Durazno","Flores","Florida","Lavalleja","Maldonado","Montevideo","Paysandu","Rio Negro","Rivera","Rocha","Salto","San Jose","Soriano","Tacuarembo","Treinta y Tres",,,,,,,,,,,,,,,,,,,,,,,,,,,,,,,,,,,,,,,,,,,,,,,,,,,,,,,,,,,,,,,,
"UZ","Uzbekistan","Andijon","Bukhara","Fergana","Jizzax","Karakalpakstan","Namangan","Navoiy","Qashqadaryo","Samarqand","Sirdaryo","Surxondaryo","Toshkent","Toshkent Shahri","Xorazm",,,,,,,,,,,,,,,,,,,,,,,,,,,,,,,,,,,,,,,,,,,,,,,,,,,,,,,,,,,,,,,,,,,,,
"VU","Vanuatu","Malampa","Penama","Sanma","Shefa","Tafea","Torba",,,,,,,,,,,,,,,,,,,,,,,,,,,,,,,,,,,,,,,,,,,,,,,,,,,,,,,,,,,,,,,,,,,,,,,,,,,,,
"VA","Vatican",,,,,,,,,,,,,,,,,,,,,,,,,,,,,,,,,,,,,,,,,,,,,,,,,,,,,,,,,,,,,,,,,,,,,,,,,,,,,,,,,,,
"VE","Venezuela","Amazonas","Anzoategui","Apure","Aragua","Barinas","Bolivar","Carabobo","Cojedes","Delta Amacuro","Dependencias Federales","Distrito Federal","Falcon","Guarico","Lara","Merida","Miranda","Monagas","Nueva Esparta","Portuguesa","Sucre","Tachira","Trujillo","Vargas","Yaracuy","Zulia",,,,,,,,,,,,,,,,,,,,,,,,,,,,,,,,,,,,,,,,,,,,,,,,,,,,,,,,,,
"VN","Vietnam","An Giang","Ba Ria-Vung Tau","Bac Giang","Bac Kan","Bac Lieu","Bac Ninh","Ben Tre","Binh Dinh","Binh Duong","Binh Phuoc","Binh Thuan","Ca Mau","Can Tho","Cao Bang","Da Nang","Dak Nong","Dien Bien","Dong Nai","Dong Thap","Gia Lai","GJak Lak","Ha Giang","Ha Nam","Ha Tinh","Hai Duong","Haiphong","Hanoi","Hau Giang","Ho Chi Minh","Hoa Binh","Hung Yen","Khanh Hoa","Kien Giang","Kon Tum","Lai Chau","Lam Dong","Lang Son","Lao Cai","Long An","Nam Dinh","Nghe An","Ninh Binh","Ninh Thuan","Phu Tho","Phu Yen","Quang Binh","Quang Nam","Quang Ngai Province","Quang Ninh","Quang Tri","Soc Trang","Son La","Tay Ninh Province","Thai Binh","Thai Nguyen","Thanh Hoa","Thua Thien-Hue","Tien Giang","Tra Vinh","Tuyen Quang","Vinh Long","Vinh Phuc","Yen Bai",,,,,,,,,,,,,,,,,,,,
"YE","Yemen","Abyan","Ad Dali'","Aden","Al Bayda","Al Hudaydah","Al Jawf","Al Mahrah","Al Mahwit","Amanat Al Asimah","Dhamar","Hadramawt","Hajjah","Ibb","Lahij","Ma'rib","Omran","Raymah","Sa'dah","Sanaa","Shabwah","Soqatra","Ta'izz",,,,,,,,,,,,,,,,,,,,,,,,,,,,,,,,,,,,,,,,,,,,,,,,,,,,,,,,,,,,,
"ZM","Zambia","Central","Copperbelt","Eastern","Luapula","Lusaka","Muchinga","North-Western","Northern","Southern","Western",,,,,,,,,,,,,,,,,,,,,,,,,,,,,,,,,,,,,,,,,,,,,,,,,,,,,,,,,,,,,,,,,,,,,,,,,
"ZW","Zimbabwe","Bulawayo","Harare","Manicaland","Mashonaland Central","Mashonaland East","Mashonaland West","Masvingo","Matabeleland North","Matabeleland South","Midlands",,,,,,,,,,,,,,,,,,,,,,,,,,,,,,,,,,,,,,,,,,,,,,,,,,,,,,,,,,,,,,,,,,,,,,,,,
